-1.046374000000000089e-03,-5.891086999999999713e-03,-1.139091000000000062e-03,2.698364099999999918e-02,-6.128479000000000045e-03,-2.708242999999999935e-03,8.018818000000000473e-03
-1.299212299999999952e-02,-4.051598000000000005e-03,1.322477000000000071e-03,-2.675135999999999833e-03,-5.725047999999999943e-03,-1.938917999999999978e-03,5.110120000000000114e-03
2.064674799999999949e-02,1.321796299999999924e-02,1.426068200000000022e-02,1.457182500000000006e-02,1.267769799999999940e-02,1.577076900000000045e-02,3.481782000000000106e-03
-1.153745100000000065e-02,3.323121999999999968e-03,2.042826000000000190e-03,2.033036900000000091e-02,1.019291999999999985e-03,2.650617999999999985e-03,7.314074000000000270e-03
-5.640578999999999732e-03,3.165165000000000166e-03,9.295816999999999622e-03,1.313545300000000006e-02,-1.121833799999999957e-02,7.141904000000000134e-03,1.624173000000000023e-03
7.442123000000000141e-03,1.334669200000000028e-02,8.905402999999999236e-03,3.348606000000000065e-03,1.775391200000000017e-02,1.089279299999999957e-02,7.695979999999999835e-03
-1.016718500000000046e-02,-8.532190999999999734e-03,-1.324698799999999947e-02,3.617374999999999931e-03,-1.222901099999999970e-02,-1.064461000000000053e-02,1.085767999999999976e-03
1.282137999999999941e-03,5.256789000000000427e-03,3.050002999999999916e-03,-6.752557000000000177e-03,-3.248463999999999952e-03,2.465086999999999921e-03,2.606371000000000122e-03
3.070891000000000072e-03,-1.186250000000000021e-03,3.450339999999999766e-04,2.619553000000000159e-03,1.685693000000000044e-03,-5.805149999999999807e-04,1.038585000000000072e-03
-1.188082499999999937e-02,-1.004275599999999991e-02,-1.949216700000000121e-02,-1.338170000000000071e-03,-2.290615299999999854e-02,-1.335508699999999986e-02,-9.605113000000000192e-03
1.204469999999999938e-04,2.619999999999999987e-05,1.326830000000000034e-04,-6.156074000000000095e-03,6.588173999999999593e-03,-6.903290000000000511e-04,3.266442999999999951e-03
0.000000000000000000e+00,0.000000000000000000e+00,0.000000000000000000e+00,-4.436367000000000088e-03,0.000000000000000000e+00,0.000000000000000000e+00,5.879635999999999717e-03
-4.673293000000000239e-03,-3.982358000000000078e-03,6.698560000000000104e-03,1.316639999999999998e-03,3.163062999999999812e-03,3.560578999999999914e-03,5.139170000000000196e-04
6.661623000000000197e-03,1.253807200000000080e-02,1.015360899999999920e-02,3.230749000000000207e-03,-5.139603999999999874e-03,1.349029700000000005e-02,3.942422999999999587e-03
1.765287700000000085e-02,2.737471400000000138e-02,1.629638200000000162e-02,-2.529887600000000139e-02,1.579676600000000028e-02,1.761511899999999853e-02,-3.191671999999999999e-03
-4.251213999999999688e-03,5.311219999999999743e-04,-2.922949999999999789e-04,3.142399000000000147e-03,-6.203067999999999950e-03,-3.419001000000000071e-03,-7.652558000000000277e-03
1.145920899999999971e-02,1.208751199999999991e-02,9.693198000000000092e-03,-1.431582099999999941e-02,1.472224800000000028e-02,1.051251500000000005e-02,-6.397762000000000414e-03
7.095823000000000234e-03,2.040247900000000114e-02,1.504104099999999979e-02,1.582576000000000035e-03,0.000000000000000000e+00,1.692324099999999859e-02,1.180224600000000061e-02
4.494024999999999583e-03,5.825982000000000383e-03,7.634196000000000211e-03,4.251933999999999748e-03,8.873565999999999399e-03,5.382190000000000238e-03,4.211631999999999876e-03
-2.957764699999999858e-02,-3.885596000000000189e-02,-2.481759999999999869e-02,-6.437219000000000101e-03,-1.012010300000000008e-02,-2.614890200000000164e-02,-4.837023000000000190e-03
-3.150827099999999742e-02,-3.389303899999999981e-02,-3.154709399999999775e-02,-1.279773499999999932e-02,-3.561306000000000194e-02,-3.490298499999999748e-02,-2.103288600000000064e-02
-1.016442499999999950e-02,2.263888999999999832e-03,5.492770000000000334e-04,-1.984203999999999829e-02,-1.695535000000000098e-02,2.201934000000000009e-03,-6.962181999999999919e-03
3.373865000000000197e-03,-1.423732999999999943e-03,5.311986000000000312e-03,-2.321764999999999940e-03,3.745815999999999903e-03,1.131094000000000023e-03,1.326979999999999956e-03
-8.567995999999999598e-03,-1.718027499999999833e-02,-8.765037999999999302e-03,7.591020999999999880e-03,-7.212880999999999980e-03,-8.324870999999999313e-03,-1.426893999999999949e-03
6.418033000000000071e-03,7.580031000000000095e-03,4.041527999999999961e-03,-2.207140299999999986e-02,0.000000000000000000e+00,6.180086999999999907e-03,-3.641464999999999980e-03
2.551438699999999948e-02,-1.169999999999999979e-05,-2.326799999999999962e-03,-1.124418899999999992e-02,1.766298000000000173e-02,5.557760000000000131e-04,3.444304999999999936e-03
1.010728399999999937e-02,2.034198599999999940e-02,9.553620999999999988e-03,4.535410000000000136e-03,1.084276799999999916e-02,1.364153199999999962e-02,1.157497600000000071e-02
1.481271900000000023e-02,1.756298499999999971e-02,1.348966899999999927e-02,0.000000000000000000e+00,2.436485700000000018e-02,1.021895899999999968e-02,5.590221999999999726e-03
-2.123229999999999822e-03,-5.479569999999999580e-04,-4.332482000000000347e-03,1.104722200000000064e-02,6.884019999999999593e-04,-2.137488999999999795e-03,3.128196000000000188e-03
1.211845800000000035e-02,1.556095899999999921e-02,1.400282599999999947e-02,-3.811894000000000133e-03,1.313633099999999936e-02,1.423189799999999977e-02,4.805849000000000058e-03
1.313236299999999933e-02,8.310417000000000498e-03,1.057505400000000040e-02,5.643419999999999687e-03,-1.932773000000000043e-03,9.502451999999999774e-03,5.049773999999999929e-03
-5.329069999999999988e-04,-1.563673399999999936e-02,-1.745431700000000044e-02,-1.513386199999999966e-02,-1.628930300000000150e-02,-1.973929400000000098e-02,-1.909138499999999891e-02
-1.806321000000000055e-03,1.267922600000000004e-02,7.409012999999999884e-03,1.783035300000000017e-02,-1.132628000000000107e-03,1.186347999999999916e-02,7.877899000000000707e-03
9.580319999999999808e-03,8.543981000000000839e-03,-2.867459000000000154e-03,-9.794739999999999263e-04,7.757469000000000343e-03,7.125859000000000013e-03,8.309652000000000704e-03
2.226361599999999996e-02,2.501999499999999974e-02,1.884482700000000149e-02,-6.264984000000000351e-03,1.952068100000000153e-02,2.151089800000000052e-02,6.188629999999999652e-03
-4.212071000000000391e-03,6.647636000000000170e-03,3.150744999999999935e-03,-1.798784200000000041e-02,0.000000000000000000e+00,3.881709000000000114e-03,-1.743765499999999982e-02
4.370106999999999811e-03,-1.447404999999999916e-03,6.060506999999999700e-03,1.689575199999999999e-02,8.779881999999999270e-03,7.070273000000000183e-03,8.773869999999999586e-03
-1.295771999999999939e-03,-8.292367000000000141e-03,-1.837175799999999845e-02,-1.141173300000000029e-02,-7.105028999999999685e-03,-1.008787899999999925e-02,-1.044202200000000046e-02
-5.560940000000000327e-04,2.565107999999999971e-03,3.844797999999999966e-03,1.796687199999999832e-02,4.783550000000000128e-03,9.890269999999999617e-04,3.332611000000000080e-03
-5.036862000000000283e-02,-3.517014699999999883e-02,-2.218218599999999957e-02,-2.901673000000000013e-03,-2.143959599999999827e-02,-2.438775300000000160e-02,-2.139095000000000146e-03
-8.902848999999999138e-03,9.251667999999999351e-03,6.185262000000000399e-03,-1.052240899999999993e-02,6.194625999999999952e-03,6.990164999999999573e-03,-3.809533999999999837e-03
-4.346329100000000112e-02,-5.153761600000000137e-02,-3.233370700000000320e-02,1.936024100000000026e-02,-2.726805800000000127e-02,-3.746520300000000248e-02,-8.671837999999999422e-03
-1.678773600000000102e-02,-1.499925999999999950e-03,-1.154778300000000070e-02,0.000000000000000000e+00,-6.612179999999999620e-03,-6.068730999999999952e-03,4.164699000000000005e-03
5.082330000000000354e-03,8.471229999999999732e-04,-9.916239999999999777e-04,-4.682661000000000288e-03,3.089847000000000166e-03,-1.586533999999999904e-03,-5.958579999999999779e-03
1.391030000000000044e-02,1.405698600000000048e-02,1.304952499999999932e-02,2.176478600000000124e-02,1.510324199999999936e-02,1.475449499999999942e-02,1.064520099999999997e-02
5.804794999999999747e-03,8.885227000000000749e-03,4.296499999999999972e-03,1.161604200000000003e-02,-3.136078000000000043e-03,5.994461999999999881e-03,1.175341100000000007e-02
0.000000000000000000e+00,-1.204925199999999988e-02,-9.820745000000000516e-03,-1.386906499999999987e-02,-6.164046000000000282e-03,-1.052672999999999977e-02,-1.395475099999999961e-02
-5.489426000000000375e-03,-6.601820999999999905e-03,-5.732524000000000126e-03,3.199937999999999828e-03,-8.043380000000000364e-04,-5.941013000000000197e-03,1.154084200000000081e-02
-3.501748699999999992e-02,-1.930270499999999986e-02,-1.648452799999999829e-02,-1.312112000000000044e-03,0.000000000000000000e+00,-2.169107099999999927e-02,-6.233492000000000199e-03
-9.508169999999999599e-04,-2.764335000000000143e-03,-6.790311000000000263e-03,-1.463403800000000025e-02,-4.351059000000000003e-03,-3.303102000000000035e-03,-3.342261000000000017e-03
-1.382580000000000007e-03,-1.872778099999999890e-02,-1.164168299999999989e-02,8.979463000000000028e-03,-3.129526000000000096e-03,-1.703701900000000047e-02,-1.327634700000000084e-02
1.008620999999999910e-03,3.346326000000000161e-03,0.000000000000000000e+00,5.030739000000000218e-03,1.330014600000000054e-02,1.923257999999999955e-03,7.861465999999999246e-03
2.855218000000000079e-03,-7.365815000000000383e-03,-1.058482099999999947e-02,-1.941093699999999964e-02,1.377768199999999943e-02,-7.953517000000000226e-03,-2.310731999999999804e-03
5.983684000000000398e-03,6.014191999999999802e-03,8.605110000000000016e-04,-7.213477999999999730e-03,6.797802999999999832e-03,6.814040000000000374e-04,-8.922360000000000273e-04
2.305262599999999967e-02,8.506816999999999851e-03,6.363831999999999822e-03,1.826845300000000047e-02,1.872358799999999934e-02,4.564397000000000419e-03,1.641764500000000154e-02
3.426360000000000039e-04,8.772920000000000024e-04,2.857251999999999795e-03,3.830851000000000135e-03,1.006116999999999949e-03,2.869599000000000021e-03,5.985533999999999820e-03
1.484047000000000057e-03,4.766183999999999699e-03,3.651379000000000170e-03,-1.341068899999999994e-02,-1.546179599999999987e-02,5.627158999999999633e-03,7.895394000000000023e-03
-3.368105099999999658e-02,-2.025591100000000144e-02,-2.477352000000000026e-02,1.772318900000000030e-02,-1.475015799999999933e-02,-2.310858600000000040e-02,4.086970000000000208e-04
1.042109999999999955e-03,1.683379899999999998e-02,1.393798899999999959e-02,0.000000000000000000e+00,2.007083999999999951e-02,1.655604199999999998e-02,1.855825900000000056e-02
1.171457499999999964e-02,8.160940999999999682e-03,-1.272913000000000083e-03,-2.729592399999999919e-02,8.113036000000000553e-03,4.576239999999999648e-03,-7.501083999999999877e-03
-3.220083999999999794e-03,-6.868283000000000200e-03,-3.099127000000000132e-03,-5.438097000000000243e-03,7.240747999999999976e-03,-5.852462999999999589e-03,-3.116793000000000081e-03
-4.031703999999999670e-03,-4.043914000000000016e-03,1.764455000000000060e-03,4.426509000000000346e-03,4.507305999999999986e-03,-2.087609999999999889e-04,4.725268000000000350e-03
-3.088460999999999811e-03,-2.869524999999999940e-03,-3.723728999999999841e-03,-2.007914800000000152e-02,2.913646000000000204e-03,-2.052122999999999881e-03,3.512209999999999985e-03
3.130398999999999855e-03,1.553885999999999983e-03,4.611875999999999996e-03,1.524020000000000062e-03,6.704390000000000176e-03,4.297023999999999982e-03,8.323168000000000580e-03
-1.689960999999999894e-02,-2.782381199999999985e-02,-2.788957599999999926e-02,-8.650803999999999785e-03,-2.285655899999999852e-02,-2.086895799999999995e-02,-1.703188099999999872e-02
2.633813000000000040e-03,-4.776584999999999859e-03,1.721986999999999910e-03,-7.039407000000000129e-03,7.722940000000000187e-03,-3.640399999999999908e-04,4.124020000000000268e-04
-1.269390999999999922e-03,3.553119999999999890e-04,-3.794646999999999951e-03,1.719498699999999838e-02,2.048521000000000196e-03,-1.961076999999999872e-03,-6.400489999999999565e-04
2.654068099999999999e-02,2.930591800000000025e-02,1.478761299999999980e-02,1.584556599999999843e-02,3.928246099999999769e-02,1.912666799999999945e-02,3.233811400000000114e-02
-1.065443800000000045e-02,-2.112860000000000085e-02,-1.688367199999999888e-02,-2.546690999999999799e-03,-2.474983099999999991e-02,-1.759310700000000019e-02,-9.050756000000000079e-03
-5.677006000000000066e-03,1.539749299999999994e-02,1.952200499999999853e-02,6.613466000000000136e-03,1.685499000000000025e-02,1.934561799999999845e-02,2.156198999999999963e-02
7.357426000000000244e-03,8.339999999999999432e-05,-3.625482000000000184e-03,-8.603671999999999709e-03,3.091890999999999824e-03,-7.612390000000000346e-04,2.376199999999999916e-04
1.756551999999999983e-03,-1.767362199999999994e-02,-6.141454000000000184e-03,0.000000000000000000e+00,3.572019999999999969e-03,-1.222019599999999914e-02,-4.827137999999999915e-03
-3.107836099999999879e-02,-3.064587800000000140e-02,-2.608569900000000039e-02,4.080049999999999996e-03,-3.726055400000000128e-02,-2.845077500000000106e-02,-1.189501700000000078e-02
6.171871000000000301e-02,5.145606400000000274e-02,4.762804899999999869e-02,-4.391489999999999630e-03,5.439807499999999713e-02,5.045926900000000104e-02,2.490995400000000151e-02
-1.299110000000000022e-03,9.581289999999999469e-04,4.341943000000000018e-03,-1.090164999999999927e-03,-3.072111000000000199e-03,-1.845849999999999954e-04,2.951206000000000055e-03
4.520759999999999861e-04,-7.013473999999999577e-03,-5.650890999999999900e-03,6.700000000000000226e-05,-4.582092000000000283e-03,-6.702783999999999826e-03,-7.540019999999999709e-03
3.300683399999999879e-02,4.418201199999999967e-02,2.374781800000000040e-02,5.594001000000000355e-03,3.872465199999999830e-02,2.997419999999999946e-02,2.210410299999999995e-02
8.967268999999999934e-03,1.815993100000000068e-02,6.083882999999999999e-03,2.016789999999999913e-04,1.703594699999999920e-02,1.439673099999999942e-02,1.187222800000000029e-02
1.690000000000000082e-05,-3.834605000000000045e-03,-7.801563000000000074e-03,-2.532679999999999827e-03,1.653401399999999966e-02,-6.240309000000000307e-03,2.830117000000000049e-03
-2.153320800000000160e-02,-1.987275399999999942e-02,-1.270971700000000058e-02,-4.473501999999999861e-03,-9.763880000000000822e-03,-1.098863400000000060e-02,-7.802212000000000210e-03
0.000000000000000000e+00,-4.469495999999999886e-03,-5.313359000000000137e-03,-3.996163999999999966e-03,-1.651344299999999918e-02,-5.822911000000000059e-03,-9.088136999999999605e-03
-2.173699999999999873e-04,2.775875000000000131e-03,1.476487999999999976e-03,8.060292999999999625e-03,-7.814671999999999938e-03,1.601952000000000020e-03,2.820000000000000105e-05
1.304421199999999947e-02,2.366474500000000092e-02,4.245663000000000215e-02,-1.548458899999999999e-02,6.692924000000000269e-03,3.390525600000000167e-02,7.834221000000000587e-03
1.396012999999999985e-03,-7.472152000000000134e-03,-4.469958999999999912e-03,1.535933599999999948e-02,0.000000000000000000e+00,-3.360152999999999838e-03,-2.180221999999999889e-03
3.538699999999999984e-04,-2.364057599999999995e-02,-2.575489699999999882e-02,-3.106769699999999829e-02,-1.227565599999999937e-02,-2.644836700000000040e-02,-2.759029299999999837e-02
1.909922400000000145e-02,1.750879199999999872e-02,1.960137899999999864e-02,0.000000000000000000e+00,1.505884199999999937e-02,1.641901700000000103e-02,1.073676099999999918e-02
-4.662944599999999801e-02,-4.561398600000000220e-02,-1.316630400000000020e-02,-3.764435999999999911e-03,3.999286999999999807e-03,-1.272171300000000081e-02,-6.850440999999999649e-03
1.436391499999999967e-02,2.053563200000000158e-02,1.616276300000000013e-02,2.133785000000000022e-03,1.971978099999999873e-02,1.412322700000000035e-02,1.569293999999999897e-02
1.739367099999999944e-02,2.417554800000000156e-02,1.959679199999999830e-02,-1.623894999999999983e-03,2.376933700000000149e-02,1.986957799999999885e-02,1.642662699999999920e-02
7.923456000000000596e-03,5.434055999999999609e-03,5.019306000000000288e-03,-3.074491600000000061e-02,-8.799248000000000833e-03,1.097417999999999961e-03,-7.925997000000000597e-03
1.328304999999999894e-03,-1.955062100000000067e-02,-1.433465899999999960e-02,-5.044758800000000154e-02,3.031360199999999852e-02,-1.207042399999999974e-02,-2.342872899999999883e-02
-6.979273999999999721e-03,-3.121199999999999864e-04,-6.497118999999999985e-03,1.660874799999999957e-02,-3.415872999999999826e-03,-2.200782999999999993e-03,-4.004495999999999750e-03
0.000000000000000000e+00,0.000000000000000000e+00,-2.082413999999999880e-03,7.443632999999999847e-03,0.000000000000000000e+00,-5.860665000000000145e-03,-2.416689000000000077e-03
-3.486434999999999968e-03,1.061205900000000008e-02,7.238539999999999905e-03,2.069714799999999855e-02,4.766918000000000197e-03,9.563578999999999136e-03,1.962339600000000128e-02
-1.590566800000000128e-02,2.475722899999999865e-02,1.715519999999999892e-02,-4.410439999999999738e-04,-1.361042999999999932e-03,2.090264799999999937e-02,-2.331164000000000153e-03
1.009453100000000034e-02,9.400825999999999280e-03,8.745286999999999158e-03,1.590964999999999957e-03,9.570485999999999577e-03,9.641884999999999345e-03,2.853028999999999982e-03
0.000000000000000000e+00,9.195994000000000737e-03,1.174227299999999925e-02,1.533642999999999899e-03,4.394865999999999877e-03,1.099478499999999997e-02,2.405876999999999842e-03
6.503219000000000187e-03,2.700737099999999877e-02,1.175101700000000075e-02,4.253940000000000325e-03,-2.854675000000000094e-03,2.100600600000000068e-02,1.699154599999999973e-02
8.375844000000000344e-03,7.782172999999999868e-03,5.607869999999999825e-04,-1.403277200000000065e-02,-2.805325999999999913e-03,6.532694999999999821e-03,-9.827667999999999474e-03
4.303472500000000284e-02,5.162997799999999998e-02,5.032268899999999684e-02,1.589961200000000047e-02,4.024732000000000309e-02,6.704246699999999448e-02,2.531764900000000110e-02
-1.225326099999999967e-02,-3.943262999999999803e-03,6.736868000000000023e-03,1.539648000000000015e-03,-1.640355699999999917e-02,-7.780760000000000497e-04,3.919996999999999718e-03
-1.351306000000000035e-03,5.214477999999999822e-03,4.760389999999999761e-03,-6.617068000000000255e-03,-2.908421000000000010e-03,5.179928999999999784e-03,3.606254000000000143e-03
-4.684429999999999736e-04,1.587405999999999973e-03,-7.110779999999999705e-04,-5.475434000000000377e-03,-1.329151500000000027e-02,5.387029999999999683e-04,-1.784346000000000022e-03
-4.167314000000000088e-03,-7.185559000000000217e-03,-1.072063000000000052e-03,-5.887121000000000368e-03,2.182982999999999885e-03,-3.207668999999999798e-03,1.432270999999999935e-03
1.182540900000000027e-02,1.699602000000000057e-02,1.832474900000000129e-02,5.125649999999999824e-03,1.373239199999999952e-02,2.025951800000000066e-02,1.000040399999999920e-02
4.376823000000000172e-03,1.241413400000000028e-02,9.313514000000000168e-03,5.989183000000000354e-03,8.934387999999999705e-03,1.057507100000000012e-02,4.343661000000000397e-03
5.468065999999999725e-03,1.458567199999999918e-02,1.454009199999999925e-02,-7.247642000000000320e-03,-3.427557999999999820e-03,1.336794799999999929e-02,3.611526999999999793e-03
3.283981999999999960e-03,-6.073560000000000417e-03,-9.079105000000000508e-03,-1.678801200000000146e-02,-5.432496000000000200e-03,-9.328747000000000081e-03,-9.662436999999999415e-03
-1.030443800000000083e-02,-1.676448800000000100e-02,-1.663255799999999868e-02,-2.671845999999999857e-03,-1.149446399999999938e-02,-1.521450400000000022e-02,-6.006924999999999765e-03
1.375441999999999941e-03,3.334799999999999852e-04,-2.736117000000000150e-03,3.637770000000000239e-04,-4.676834000000000373e-03,-2.146761000000000068e-03,-4.536707000000000066e-03
-9.425437999999999525e-03,-1.627273400000000050e-02,-7.139781000000000426e-03,0.000000000000000000e+00,-5.081536000000000212e-03,-9.893406999999999896e-03,-3.729202999999999945e-03
8.364229999999999842e-04,-5.989943999999999651e-03,-1.582588000000000007e-03,-7.237409999999999677e-04,9.978868999999999587e-03,-3.572553999999999921e-03,3.626423000000000146e-03
2.977407000000000057e-03,4.234370999999999795e-03,2.073624999999999947e-03,1.438735799999999940e-02,1.687981000000000073e-03,3.589900999999999943e-03,9.279396999999999993e-03
-4.807872999999999834e-03,2.504755000000000002e-03,-1.111769999999999962e-04,1.284257100000000054e-02,-7.618302999999999880e-03,5.010439999999999686e-04,-2.498259000000000070e-03
3.734706100000000084e-02,3.010723499999999955e-02,1.471730400000000050e-02,3.667234300000000308e-02,3.025163499999999894e-02,2.035024699999999839e-02,2.769585499999999839e-02
-1.010037499999999998e-02,1.513806099999999953e-02,2.775005000000000093e-03,1.022119399999999942e-02,2.102029999999999871e-02,7.835910000000000401e-04,6.854490000000000409e-03
-3.301905999999999852e-03,-1.399438000000000027e-03,-4.565640000000000150e-04,-2.398901800000000084e-02,-7.715795999999999592e-03,-5.984330000000000378e-03,-8.320948999999999360e-03
-4.515690999999999629e-03,-1.572278100000000164e-02,-1.177715000000000012e-02,-2.504074200000000125e-02,1.172411899999999986e-02,-1.621254199999999993e-02,-8.741300000000000459e-03
4.291270000000000132e-04,7.127584000000000176e-03,8.913314000000000306e-03,3.057391999999999922e-03,-2.038103999999999784e-03,8.006658999999999304e-03,3.711995999999999959e-03
1.509529199999999974e-02,1.356669800000000030e-02,1.692057300000000125e-02,-2.494254999999999910e-03,1.627783000000000008e-02,1.451075400000000071e-02,6.771125999999999708e-03
3.110805999999999814e-03,-2.721819999999999795e-03,4.028020000000000211e-03,2.534610999999999982e-03,2.780056999999999841e-03,1.315820000000000097e-03,8.066739999999999328e-03
5.624800999999999586e-03,-8.155109999999999920e-04,1.415208999999999955e-03,1.853257700000000147e-02,4.865808999999999586e-03,9.160000000000000390e-05,6.176262000000000071e-03
-9.504999999999999560e-04,1.369874299999999934e-02,1.283026599999999989e-02,0.000000000000000000e+00,1.333093999999999946e-03,1.336437799999999967e-02,1.644476500000000008e-02
6.093308000000000405e-03,1.104117800000000045e-02,5.641288000000000379e-03,-1.017382999999999959e-03,2.748462000000000127e-03,7.607936000000000039e-03,2.888593999999999971e-03
1.295581399999999953e-02,2.441932999999999864e-03,3.821998000000000062e-03,-1.902969000000000015e-03,2.447901599999999928e-02,2.812647000000000150e-03,1.296053800000000061e-02
7.395289999999999460e-04,-5.334443000000000344e-03,-5.021656000000000210e-03,1.867509900000000056e-02,5.272612999999999779e-03,-2.400819000000000217e-03,1.075572600000000018e-02
2.993657599999999946e-02,2.387317699999999890e-02,2.237830199999999922e-02,-2.473176599999999878e-02,4.889995800000000031e-02,2.134510699999999858e-02,2.734803800000000160e-02
-1.274093500000000011e-02,-2.472301999999999833e-02,-1.083738700000000041e-02,5.798293000000000370e-03,-1.898965500000000112e-02,-1.344372700000000080e-02,-6.116571000000000334e-03
2.423567000000000169e-03,4.307227999999999751e-03,4.502500000000000425e-03,1.595490199999999997e-02,-8.331836000000000450e-03,5.499696999999999572e-03,2.312679000000000210e-03
8.265749999999999660e-04,-6.403213999999999954e-03,-5.720196999999999782e-03,1.218582200000000067e-02,-8.519406000000000201e-03,-5.119605000000000163e-03,3.106736000000000133e-03
-3.163581599999999716e-02,-2.478411700000000134e-02,-2.190149499999999999e-02,-4.657935000000000200e-03,-4.846686199999999944e-02,-2.751873599999999850e-02,-1.977410400000000068e-02
1.135189200000000058e-02,-6.950248000000000016e-03,-1.710764999999999942e-03,0.000000000000000000e+00,1.825348099999999849e-02,-3.202757000000000086e-03,7.196694000000000008e-03
-3.798927000000000120e-03,-1.013182800000000071e-02,0.000000000000000000e+00,0.000000000000000000e+00,5.243643000000000089e-03,4.722386000000000292e-03,4.035826000000000170e-03
-1.383448699999999948e-02,-1.755777999999999853e-02,-2.112850000000000145e-02,3.842443999999999981e-03,-3.606864900000000124e-02,-1.919992599999999910e-02,-1.302670400000000006e-02
-1.990379000000000020e-03,8.558728999999999296e-03,8.079157999999999479e-03,5.728279999999999657e-03,-5.199999999999999680e-05,9.242537000000000322e-03,5.024976999999999916e-03
1.167250000000000048e-04,-6.339909000000000343e-03,-5.342916999999999979e-03,1.346943100000000046e-02,5.990276999999999581e-03,-4.106476999999999870e-03,-1.999212000000000211e-03
9.361384999999999845e-03,1.882954400000000014e-02,1.743791600000000122e-02,-2.054252999999999808e-03,1.557297300000000037e-02,1.594894999999999993e-02,1.083067899999999931e-02
1.046906600000000083e-02,5.203143000000000351e-03,4.373389000000000096e-03,-1.668550800000000167e-02,7.713788000000000068e-03,4.381638000000000199e-03,4.423750000000000056e-04
-4.373225499999999766e-02,-4.159435999999999689e-02,-2.521256300000000034e-02,1.925716000000000060e-03,-2.982119000000000089e-02,-3.314505499999999966e-02,-8.357847999999999319e-03
-3.288846599999999815e-02,-8.459008000000000499e-03,-1.526027200000000007e-02,0.000000000000000000e+00,-2.337865999999999903e-02,-1.770649599999999865e-02,-1.355405900000000025e-02
-9.877767000000000838e-03,1.228094400000000024e-02,8.283224000000000489e-03,-2.098335700000000109e-02,-2.839912999999999899e-03,1.007253599999999999e-02,-6.314758000000000177e-03
2.410663999999999862e-03,5.416474000000000115e-03,4.828217000000000099e-03,-1.571984200000000123e-02,-6.186256000000000220e-03,8.396040000000000447e-03,-6.853520999999999572e-03
2.121757599999999841e-02,-7.357423000000000088e-03,-6.422449000000000213e-03,2.122804899999999884e-02,3.643163299999999799e-02,-6.491875999999999723e-03,1.335903599999999948e-02
7.145391000000000069e-03,4.959705000000000016e-03,5.142217000000000142e-03,0.000000000000000000e+00,4.984515000000000126e-03,6.135255000000000049e-03,2.049151999999999831e-03
8.026026000000000341e-03,1.638287299999999919e-02,9.694644999999999999e-03,-7.418799999999999917e-04,3.178826000000000047e-03,1.206450700000000036e-02,8.942999999999999561e-03
0.000000000000000000e+00,-5.876669000000000163e-03,5.731787999999999814e-03,0.000000000000000000e+00,0.000000000000000000e+00,5.201129999999999989e-04,1.111129999999999930e-02
-2.924293199999999926e-02,-1.789929800000000099e-02,-1.010596599999999921e-02,-2.903436300000000053e-02,-1.827942899999999982e-02,-1.567488499999999951e-02,-6.472778999999999686e-03
-2.074215299999999929e-02,-1.423886100000000023e-02,-1.127489700000000074e-02,1.357583000000000097e-03,-1.194167600000000003e-02,-1.261532899999999978e-02,-9.577360000000000474e-04
2.178352000000000066e-02,2.317769999999999900e-02,2.611104599999999887e-02,3.455170999999999937e-03,1.473209399999999940e-02,2.519482799999999897e-02,1.574921500000000044e-02
-2.748402000000000050e-03,-6.433839999999999915e-04,-3.687891999999999906e-03,0.000000000000000000e+00,-4.152023999999999819e-03,-3.473171000000000157e-03,-2.354157999999999858e-03
-6.722050000000000464e-04,8.793511000000000383e-03,8.058574000000000639e-03,1.797740199999999997e-02,-1.046376899999999950e-02,7.364935999999999879e-03,4.954263000000000416e-03
1.108838399999999974e-02,7.605620999999999909e-03,5.987212999999999910e-03,3.905017000000000210e-03,3.426713000000000068e-03,6.186800000000000112e-03,7.507330999999999900e-03
-1.443788300000000031e-02,-4.370022000000000316e-03,4.526803999999999724e-03,-1.874866899999999906e-02,-6.731456999999999719e-03,3.758349999999999820e-04,2.005410000000000005e-03
4.033369999999999664e-03,-1.363634999999999977e-03,-4.139320999999999626e-03,9.518241999999999675e-03,-1.344162999999999998e-03,-3.856762000000000124e-03,-2.285128999999999893e-03
-1.071503799999999965e-02,-1.279796700000000037e-02,8.505804000000000489e-03,2.616074200000000072e-02,0.000000000000000000e+00,-9.941830000000000458e-04,6.099364000000000348e-03
2.302262899999999932e-02,2.425076699999999946e-02,1.460234699999999990e-02,7.151048999999999600e-03,2.191623499999999919e-02,1.813109200000000143e-02,1.639862599999999948e-02
2.877549000000000079e-03,3.027296999999999974e-03,1.356128999999999972e-03,1.086231399999999965e-02,-2.672087999999999981e-03,3.554423000000000131e-03,1.229253000000000030e-03
1.655581399999999856e-02,1.497600200000000041e-02,1.605692400000000020e-02,3.566623000000000102e-03,1.892603799999999920e-02,1.508858599999999932e-02,6.223865000000000300e-03
-3.543935799999999720e-02,-5.233117699999999956e-02,-3.550452500000000206e-02,-4.636884000000000144e-02,-3.038024300000000122e-02,-3.957542599999999688e-02,-3.856446300000000021e-02
-2.405553599999999889e-02,-3.601087199999999933e-02,-2.646139800000000056e-02,-9.531438999999999190e-03,-2.886782800000000163e-02,-2.660774700000000104e-02,-2.110933300000000096e-02
9.673506000000000118e-03,2.039293000000000182e-03,5.216750000000000033e-03,-1.491638999999999986e-02,-4.745921000000000167e-03,3.122244000000000148e-03,-6.394626999999999950e-03
2.327643999999999807e-03,1.097480399999999946e-02,1.436204699999999931e-02,4.881861999999999834e-03,8.162584999999999980e-03,1.026227199999999937e-02,8.283739999999999506e-03
-1.912660500000000138e-02,-1.803040599999999882e-02,-1.593577700000000166e-02,1.211626600000000054e-02,-2.870725899999999886e-02,-1.377653499999999948e-02,-1.485554799999999967e-02
-1.049868999999999932e-03,2.112644999999999801e-03,2.724695999999999976e-03,-7.168230000000000044e-04,3.470635000000000126e-03,5.502492000000000320e-03,2.006968999999999941e-03
1.334973700000000041e-02,1.643411100000000125e-02,8.724225000000000382e-03,2.307673000000000103e-03,1.026016000000000081e-02,1.108049000000000013e-02,-2.621473999999999940e-03
4.868322999999999921e-03,-4.549107000000000151e-03,-1.132044400000000069e-02,-7.114645000000000170e-03,-6.952874000000000380e-03,-1.012746100000000080e-02,-7.275356000000000184e-03
-7.714480000000000122e-03,2.214682999999999843e-03,9.040314000000000683e-03,6.882682000000000209e-03,-1.454910300000000073e-02,8.409563999999999581e-03,-7.553759999999999858e-04
-2.384649800000000069e-02,-2.539962600000000154e-02,-2.207766200000000137e-02,1.470643100000000071e-02,7.859999999999999962e-05,-1.826143800000000136e-02,-6.150130999999999654e-03
-1.897907899999999939e-02,-3.172986600000000240e-02,-3.193809599999999915e-02,-1.499241200000000010e-02,-2.146728300000000020e-02,-3.545826800000000112e-02,-1.104952200000000086e-02
-8.131018999999999747e-03,-1.509943899999999922e-02,-6.299716999999999817e-03,1.845220000000000063e-03,-7.569466000000000389e-03,-9.167473000000000635e-03,-6.199239999999999959e-03
0.000000000000000000e+00,1.459422399999999939e-02,1.471462299999999959e-02,2.090031999999999914e-03,0.000000000000000000e+00,1.261871000000000000e-02,5.947344000000000241e-03
1.522558300000000087e-02,1.760619700000000051e-02,1.595142999999999908e-02,-4.210670000000000125e-04,2.224641200000000013e-02,1.341118900000000044e-02,1.615905200000000014e-02
5.492239000000000322e-03,4.203525999999999964e-03,7.100974000000000348e-03,1.124093500000000051e-02,1.807712599999999892e-02,4.727186999999999882e-03,3.930882000000000126e-03
3.007550999999999801e-03,-1.813006000000000036e-03,-2.373342999999999980e-03,2.174890999999999977e-03,7.140560000000000223e-04,-2.555234999999999885e-03,-3.348634999999999980e-03
-2.412717099999999934e-02,-2.629737399999999836e-02,0.000000000000000000e+00,0.000000000000000000e+00,-3.409731199999999768e-02,-3.072235200000000138e-02,-1.250644000000000061e-02
4.259999999999999871e-05,-2.341597999999999857e-03,-6.746928999999999600e-03,1.002290200000000020e-02,3.002169999999999752e-04,-3.988002000000000040e-03,3.322490999999999899e-03
4.352433999999999643e-03,1.993049399999999999e-02,2.130489600000000025e-02,-1.860454000000000101e-03,1.533847000000000075e-03,1.899696600000000055e-02,1.104965999999999934e-02
7.217618000000000297e-03,3.740512000000000090e-03,6.832167000000000101e-03,-1.852749999999999905e-04,-1.309501999999999932e-03,3.826993999999999795e-03,-5.227973999999999816e-03
2.596218900000000010e-02,-6.099999999999999872e-05,1.057318699999999952e-02,1.305044500000000079e-02,4.892299999999999600e-03,1.630579999999999963e-03,8.414829999999999663e-04
-4.573436000000000168e-03,1.830198499999999978e-02,4.120628000000000311e-03,2.572215000000000092e-03,-1.362225000000000068e-02,6.790580000000000054e-03,-1.310237499999999944e-02
5.812938999999999606e-03,-2.266255999999999913e-03,-3.994474999999999935e-03,-2.142241000000000024e-03,-4.093773999999999677e-03,-5.558315000000000304e-03,-3.679224000000000036e-03
4.514324999999999588e-03,8.598830999999999489e-03,6.813215000000000070e-03,-3.530259999999999908e-04,5.775516999999999977e-03,7.955016999999999991e-03,2.852182999999999889e-03
0.000000000000000000e+00,1.356031700000000055e-02,0.000000000000000000e+00,-3.879345000000000189e-03,1.997007599999999980e-02,6.930290000000000408e-03,-5.331498999999999960e-03
4.366586000000000425e-03,-1.006401200000000065e-02,-9.972628000000000742e-03,1.393414899999999984e-02,-5.721580000000000199e-04,-1.057096499999999988e-02,-2.221212000000000186e-03
7.325969999999999791e-04,1.968305000000000055e-03,6.621448000000000264e-03,-3.889531999999999799e-03,0.000000000000000000e+00,3.920398999999999759e-03,2.228033999999999831e-03
-8.567381000000000649e-03,-1.577340899999999865e-02,-1.048796999999999924e-02,1.772620600000000129e-02,-1.299208500000000044e-02,-9.756314000000000305e-03,-6.932093999999999756e-03
-6.109337999999999748e-03,-4.255089999999999567e-03,5.707820000000000385e-04,-2.674232699999999976e-02,5.149428000000000165e-03,-2.034007000000000003e-03,-5.924100000000000286e-04
1.058736600000000083e-02,-1.216942300000000039e-02,-9.651016999999999582e-03,-6.428973999999999626e-03,9.861728000000000161e-03,-1.052701699999999962e-02,-5.011614999999999646e-03
-1.401965000000000025e-03,1.436601000000000024e-03,0.000000000000000000e+00,3.600930000000000233e-04,5.785710000000000332e-03,4.186106000000000202e-03,-1.905420000000000063e-04
1.303520000000000026e-02,5.075353000000000329e-03,-2.593994599999999845e-02,-3.325903100000000140e-02,-6.104779999999999755e-03,8.634209999999999585e-04,-7.586866000000000269e-03
-1.625795000000000018e-02,-1.772767700000000071e-02,-1.400316799999999987e-02,-1.533907699999999957e-02,-1.576366200000000120e-02,-1.511285599999999917e-02,-1.259108700000000081e-02
1.526185400000000005e-02,1.857520400000000141e-02,1.992784900000000095e-02,-1.140142000000000022e-03,1.146515399999999997e-02,1.880849500000000146e-02,3.910511000000000195e-03
-1.708040900000000126e-02,-1.813539800000000049e-02,-1.742449600000000112e-02,1.313124899999999935e-02,-1.116532699999999920e-02,-1.655942100000000125e-02,1.138750000000000005e-03
-4.837173000000000167e-03,-1.083770899999999919e-02,-4.367328999999999656e-03,-3.734269000000000130e-03,8.908941000000000082e-03,-9.540355999999999836e-03,3.181689999999999822e-04
-1.705628999999999956e-03,1.543743900000000072e-02,8.715149000000000160e-03,1.277036000000000057e-03,-6.858168000000000424e-03,9.993925000000000725e-03,-3.320000000000000062e-05
2.562476000000000163e-03,-2.181039999999999975e-03,4.722220000000000063e-04,-6.101920999999999734e-03,-1.765398999999999961e-03,-1.298039999999999925e-04,8.640740000000000486e-04
-2.365956699999999940e-02,-2.763470599999999847e-02,-2.648648300000000164e-02,4.188856999999999824e-03,-3.488236200000000009e-02,-2.902154100000000139e-02,-1.188914200000000011e-02
1.352392699999999982e-02,2.413278300000000140e-02,1.962936300000000037e-02,-1.016979800000000073e-02,0.000000000000000000e+00,2.044865100000000172e-02,7.984955000000000178e-03
-1.218209999999999953e-03,8.216075999999999241e-03,4.045695999999999667e-03,1.050524400000000039e-02,-1.048580999999999992e-02,6.972103000000000328e-03,-1.439076000000000070e-03
9.190760000000000075e-04,-4.556586999999999964e-03,-6.860195000000000355e-03,-6.275278999999999927e-03,1.162413399999999951e-02,-6.568908000000000039e-03,9.174370000000000051e-04
3.540951999999999988e-03,1.247908099999999951e-02,4.458430000000000205e-03,-1.386205599999999934e-02,8.739929999999999921e-04,5.713550999999999873e-03,3.546082999999999787e-03
-2.694156000000000068e-03,-6.949002999999999604e-03,-1.079872699999999928e-02,1.028543000000000035e-03,-2.420228999999999870e-03,-7.758049999999999842e-03,-1.015184700000000030e-02
7.386521000000000059e-03,1.323923999999999934e-02,1.143169699999999935e-02,1.383183600000000013e-02,1.079808099999999930e-02,1.191615399999999998e-02,1.345157999999999944e-02
7.178099999999999759e-03,4.888901999999999658e-03,5.352411999999999968e-03,5.185916999999999957e-03,-8.162278000000000241e-03,5.906261999999999797e-03,8.605912000000000284e-03
-3.669695000000000162e-03,-1.158428899999999935e-02,-3.074973999999999850e-03,-1.977191000000000018e-02,-3.144562999999999959e-03,-9.876182000000000710e-03,-2.496243999999999894e-03
4.511129000000000007e-03,-2.991089000000000161e-03,-2.806859999999999997e-03,-1.757443300000000042e-02,-4.663628999999999865e-03,-5.225307000000000215e-03,-1.551930600000000007e-02
1.630874000000000039e-03,5.596369999999999817e-03,8.571027999999999633e-03,-2.505935600000000138e-02,1.395927800000000031e-02,4.239755000000000433e-03,1.425355099999999972e-02
6.011978000000000287e-03,8.426200999999999483e-03,1.016608700000000073e-02,1.497287899999999970e-02,1.403930699999999913e-02,1.055667000000000064e-02,9.468898999999999372e-03
-1.756539999999999957e-04,-2.467400000000000127e-04,1.231427999999999906e-03,2.070808799999999950e-02,-3.958614000000000056e-03,1.064674000000000046e-03,9.756268999999999705e-03
6.032852000000000006e-03,3.705922999999999856e-03,-1.910468000000000019e-03,-2.133910600000000005e-02,4.036139999999999693e-03,7.694520000000000049e-04,1.573989999999999938e-03
-1.694619299999999829e-02,-1.445479700000000013e-02,-1.523568399999999934e-02,4.674580000000000228e-04,-1.894755999999999871e-02,-1.780073399999999861e-02,-6.716706000000000239e-03
1.286014400000000044e-02,9.905840000000000825e-03,5.569255000000000386e-03,1.206536799999999993e-02,1.963905800000000090e-02,1.236025800000000070e-02,2.971063999999999823e-03
-1.280190099999999921e-02,1.594979999999999965e-04,6.008370000000000074e-04,-2.898161900000000013e-02,-1.604063799999999942e-02,-1.898177000000000024e-03,-9.452693999999999333e-03
-3.064311000000000118e-03,5.402676000000000353e-03,7.756573000000000113e-03,1.670650400000000049e-02,-2.901027000000000033e-03,5.445147000000000008e-03,5.761580999999999994e-03
-6.608357999999999940e-03,-8.091769000000000392e-03,-1.287100400000000013e-02,0.000000000000000000e+00,6.934649999999999885e-04,-1.365444399999999996e-02,-1.338416700000000063e-02
-2.989921999999999892e-03,-1.034517400000000038e-02,-1.314104599999999998e-02,-1.888501199999999963e-02,5.370441999999999577e-03,-1.317624499999999962e-02,-2.068345000000000079e-03
2.907982200000000170e-02,1.193236800000000049e-02,9.120865000000000569e-03,1.090740999999999933e-02,2.521654900000000130e-02,1.517393499999999951e-02,1.002045399999999982e-02
0.000000000000000000e+00,0.000000000000000000e+00,0.000000000000000000e+00,4.703574000000000296e-03,0.000000000000000000e+00,0.000000000000000000e+00,4.452219000000000315e-03
-3.350552000000000131e-03,-7.509403999999999905e-03,-1.988619000000000064e-03,1.071543699999999953e-02,8.837101999999999458e-03,-3.177243000000000168e-03,4.196270000000000208e-03
1.113793100000000022e-02,4.509515999999999872e-03,7.220790000000000368e-03,7.679092999999999683e-03,1.807692000000000066e-03,6.502430000000000015e-03,2.304460999999999836e-03
5.822698000000000283e-03,1.077420899999999987e-02,7.752496000000000213e-03,-1.428484999999999998e-02,1.047252499999999989e-02,8.986643000000000756e-03,3.191353999999999979e-03
6.166033999999999925e-03,1.143811999999999910e-03,-1.870220000000000129e-04,1.464520000000000134e-04,-8.344725000000000753e-03,5.708539999999999795e-04,-5.280787999999999802e-03
5.344686000000000402e-03,-3.081454999999999871e-03,-3.022275999999999956e-03,6.829298999999999613e-03,-9.240017999999999149e-03,-3.738593000000000124e-03,-9.269740000000000054e-04
2.777913999999999817e-03,-9.395736999999999492e-03,-4.344269000000000429e-03,-1.570009600000000019e-02,-1.073872000000000021e-03,-4.156013000000000068e-03,-6.473656999999999849e-03
3.368669999999999824e-03,-8.161900999999999184e-03,-8.610225000000000864e-03,-1.109755699999999921e-02,1.391541500000000042e-02,-9.357212999999999642e-03,-3.627459999999999886e-03
1.136670300000000057e-02,1.034124999999999975e-02,1.240901800000000083e-02,2.695552699999999996e-02,2.058479699999999843e-02,1.085695899999999936e-02,2.309240900000000124e-02
4.148815000000000142e-03,-4.000036000000000216e-03,-6.317357000000000007e-03,1.758173600000000059e-02,7.554360999999999889e-03,-4.118031000000000295e-03,1.776709000000000014e-03
-1.088218600000000029e-02,-1.903326400000000113e-02,-7.814822000000000782e-03,6.799546000000000062e-03,-1.186072300000000010e-02,-1.111466399999999979e-02,-2.056451999999999846e-03
3.665635999999999894e-03,-7.187485000000000401e-03,-3.682751000000000167e-03,-1.347736700000000051e-02,4.169711999999999898e-03,-8.469420000000000073e-03,-4.478544999999999575e-03
3.109373999999999819e-03,4.092200000000000156e-04,1.506960400000000033e-02,8.470043999999999490e-03,9.210347000000000672e-03,1.053048499999999915e-02,7.504972000000000379e-03
-1.478935999999999923e-03,-5.030798000000000388e-03,-2.731470000000000165e-03,8.266001000000000251e-03,-5.631009999999999878e-04,-2.434552999999999891e-03,9.896024999999999266e-03
9.368672999999999237e-03,7.116449999999999859e-03,1.792484999999999912e-02,2.722301400000000024e-02,3.029349000000000191e-03,1.223277499999999955e-02,7.505102999999999948e-03
-5.334800000000000219e-04,-5.560568000000000108e-03,-5.899169999999999588e-03,0.000000000000000000e+00,7.575003000000000292e-03,-6.402332999999999635e-03,-4.366385000000000405e-03
4.406679999999999625e-03,-2.842363000000000094e-03,7.952292999999999168e-03,3.715865000000000053e-03,1.144228000000000085e-02,-5.640000000000000211e-05,5.174924000000000017e-03
-3.864245000000000093e-03,1.214887899999999958e-02,9.156548999999999938e-03,2.402029600000000001e-02,6.049513000000000286e-03,9.956113000000000809e-03,1.732693899999999954e-02
-1.987985100000000047e-02,-1.159579300000000007e-02,-1.885015000000000085e-03,-3.422899999999999988e-03,-2.328265900000000069e-02,-5.062892000000000260e-03,-2.388697999999999863e-03
-2.789696999999999837e-03,-3.195820000000000041e-04,-6.423159000000000333e-03,-1.707928999999999958e-03,-2.389546600000000062e-02,-3.024061000000000197e-03,-1.424855499999999955e-02
-1.217661400000000053e-02,-1.494292600000000047e-02,-6.937180999999999730e-03,-4.661600000000000119e-03,-1.614535599999999960e-02,-1.145410900000000051e-02,-1.826144999999999938e-03
-7.496631999999999602e-03,8.152730999999999867e-03,7.361780000000000060e-03,4.937884000000000023e-03,-3.841980000000000048e-03,5.656773999999999830e-03,3.668969999999999805e-04
-3.648103000000000196e-03,3.219604999999999950e-03,-3.520824000000000089e-03,1.896088900000000160e-02,2.371539999999999998e-04,-2.618464000000000035e-03,5.034855000000000406e-03
3.497082999999999789e-03,-1.371646000000000020e-03,-9.079999999999999801e-05,-8.020417000000000171e-03,-8.858813999999999578e-03,2.247522999999999969e-03,-5.148887999999999902e-03
-5.985299000000000348e-03,-1.034204099999999973e-02,-6.322504999999999965e-03,-2.242263999999999889e-03,-9.460780000000000231e-03,-7.752501999999999657e-03,-9.966401999999999206e-03
4.043236000000000399e-03,1.220205199999999969e-02,1.156104600000000017e-02,3.186652300000000076e-02,-2.033467900000000134e-02,1.231067800000000025e-02,1.145539899999999979e-02
2.919947200000000062e-02,3.022846699999999845e-02,2.535025399999999915e-02,8.029759999999999502e-04,4.840717399999999726e-02,2.703746500000000011e-02,2.743522600000000006e-02
6.349999999999999850e-05,2.160768999999999884e-03,-1.059412099999999975e-02,-1.650506499999999932e-02,8.343978999999999632e-03,-6.165908000000000326e-03,-3.294977000000000149e-03
-1.007428099999999917e-02,6.963460999999999783e-03,3.308311999999999885e-03,-1.221267799999999938e-02,-9.858433999999999253e-03,-1.779440000000000026e-04,-5.558363999999999666e-03
-1.846505000000000021e-03,-4.817217000000000374e-03,-5.864826000000000067e-03,1.070676000000000006e-03,-7.423452999999999996e-03,-5.461396999999999780e-03,-6.819709999999999661e-03
-2.414367799999999828e-02,-6.298226999999999992e-03,-1.590139499999999873e-02,-2.835377000000000036e-03,-7.773473000000000362e-03,-1.097346100000000033e-02,-5.565862000000000413e-03
2.184194999999999887e-03,7.303719999999999657e-03,6.196606999999999810e-03,-2.073559800000000092e-02,-3.529424000000000190e-03,6.743182000000000342e-03,-8.235251000000000723e-03
-1.329032299999999972e-02,-1.582098100000000132e-02,5.002729999999999720e-04,0.000000000000000000e+00,-2.838005700000000020e-02,-5.234115999999999595e-03,-2.467410000000000176e-03
2.296068999999999975e-03,1.974271000000000099e-03,8.167429999999999829e-03,1.519420900000000019e-02,2.533202999999999930e-03,4.134724000000000212e-03,7.803514999999999584e-03
-3.333823999999999989e-03,-6.736538999999999722e-03,-5.012833999999999866e-03,3.264897000000000112e-03,4.610892999999999589e-03,-4.051818000000000433e-03,-7.438230000000000102e-04
2.907765799999999928e-02,2.642812099999999886e-02,2.666421799999999995e-02,1.160055100000000061e-02,2.916602399999999873e-02,2.894499500000000114e-02,1.440465900000000021e-02
1.088925500000000046e-02,1.500164699999999990e-02,1.416451300000000010e-02,1.742954000000000031e-02,1.194841900000000005e-02,1.419888600000000084e-02,1.329656799999999993e-02
-1.527845799999999997e-02,-9.841399000000000674e-03,-1.898399000000000050e-03,1.881788400000000000e-02,-1.698171299999999898e-02,-6.552220000000000093e-03,-3.227249000000000177e-03
3.932005300000000064e-02,-1.039308700000000051e-02,-8.947379999999999570e-03,-1.469497999999999985e-02,0.000000000000000000e+00,-9.447031999999999305e-03,-1.188111199999999923e-02
-1.004803800000000046e-02,1.321853000000000004e-03,-3.002934000000000072e-03,9.563023999999999830e-03,2.855076800000000067e-02,3.031933000000000111e-03,1.776444400000000076e-02
1.303221000000000067e-02,1.553674600000000058e-02,1.138013000000000045e-02,-2.698789999999999956e-03,1.682147900000000029e-02,1.277276299999999948e-02,9.702044999999999420e-03
-2.609849999999999930e-03,-1.473417500000000040e-02,-1.257298599999999954e-02,-1.387790000000000074e-04,-1.412571999999999960e-03,-9.714293000000000580e-03,3.495322999999999833e-03
-5.683544999999999917e-03,-3.086541999999999845e-03,-4.493424000000000203e-03,1.378488999999999930e-02,9.050363999999999978e-03,-4.653906999999999662e-03,5.533576999999999593e-03
2.880095999999999958e-03,3.127022000000000135e-03,2.353786999999999980e-03,1.069480000000000083e-02,-2.266179999999999931e-02,2.761148000000000161e-03,-3.184934999999999850e-03
-1.351678400000000044e-02,-1.487086800000000063e-02,-1.402499899999999980e-02,-1.324561299999999983e-02,-2.845466000000000054e-03,-1.562159500000000027e-02,-5.447913000000000408e-03
-1.498313000000000032e-03,3.682503000000000165e-03,4.546088999999999686e-03,-4.147121000000000141e-03,9.557471999999999149e-03,-8.096639999999999783e-04,2.130079999999999908e-03
2.064341600000000124e-02,2.141759999999999931e-03,-1.359961399999999945e-02,2.894237999999999932e-03,1.584405399999999978e-02,-4.204775000000000006e-03,6.012505999999999927e-03
1.044890700000000033e-02,1.688905900000000140e-02,1.853105199999999925e-02,4.075669999999999987e-03,-1.309552400000000075e-02,1.501633399999999924e-02,-3.770928000000000214e-03
-5.393280000000000296e-03,-3.075864000000000202e-03,3.976677999999999984e-03,-8.674259999999999610e-03,2.671606999999999888e-03,4.323490000000000037e-04,-5.318877999999999974e-03
-1.245187099999999977e-02,1.521460999999999994e-03,-1.309758000000000059e-03,1.270561899999999959e-02,-2.337974999999999949e-03,-8.671790000000000401e-04,7.175983999999999835e-03
2.241765000000000164e-03,3.952976000000000406e-03,-6.870949999999999801e-04,7.352326000000000174e-03,-9.622771000000000449e-03,1.919420000000000024e-03,-1.148902999999999947e-03
1.520730399999999961e-02,1.258353400000000039e-02,1.613223800000000013e-02,5.188316000000000108e-03,1.916916899999999979e-02,1.451246500000000043e-02,1.581325199999999986e-02
2.347538999999999876e-02,5.282921299999999987e-02,3.738909900000000203e-02,8.434917000000000109e-03,5.167437799999999998e-02,3.654845999999999789e-02,3.031150599999999848e-02
3.718222000000000194e-03,1.224919499999999918e-02,9.640601999999999852e-03,0.000000000000000000e+00,4.212030000000000288e-03,1.263803600000000006e-02,4.772613999999999676e-03
0.000000000000000000e+00,-6.053992999999999701e-03,-5.789634999999999573e-03,-8.130739999999999149e-03,-5.106880000000000273e-03,-7.760931000000000426e-03,-1.896565000000000013e-03
-1.973435899999999993e-02,-2.493101600000000029e-02,-2.346091599999999833e-02,-1.354647299999999985e-02,-4.864609799999999873e-02,-2.161444100000000160e-02,-2.595064999999999872e-02
6.563166999999999959e-03,5.661717000000000138e-03,9.149539999999999410e-03,2.796171999999999980e-03,8.155697999999999420e-03,7.058342999999999909e-03,-2.326162000000000108e-03
1.091624000000000067e-02,-6.183397999999999672e-03,-8.121108000000000146e-03,1.798649999999999945e-03,1.093972999999999994e-02,-8.124868999999999841e-03,7.236290000000000474e-04
1.745231999999999990e-03,4.785519999999999813e-04,7.044609999999999761e-04,7.456627999999999867e-03,2.416558999999999981e-03,-4.976769999999999718e-04,5.447371999999999805e-03
2.025532999999999934e-03,5.720008000000000384e-03,-4.164267000000000142e-03,-8.725798999999999361e-03,1.923051000000000057e-03,-8.511299999999999638e-04,-3.161802999999999923e-03
-2.282262599999999864e-02,-1.352573500000000054e-02,-5.025533000000000430e-03,-4.903853200000000273e-02,-5.384947400000000134e-02,-1.245125899999999924e-02,-2.262974499999999972e-02
8.291384000000000601e-03,3.383132000000000066e-03,-4.593434999999999879e-03,-1.333496800000000086e-02,4.399804999999999688e-03,-7.469999999999999969e-05,-7.263452000000000103e-03
2.545173999999999874e-03,5.163909999999999854e-03,3.366376999999999824e-03,-8.520420000000000771e-03,-1.060307899999999963e-02,3.737538999999999792e-03,-3.564992999999999808e-03
1.348344899999999978e-02,1.608313000000000104e-03,6.904880999999999866e-03,7.495599000000000359e-03,2.955601999999999882e-03,2.727525000000000175e-03,7.760750999999999761e-03
-1.594960999999999992e-03,-4.561466000000000132e-03,-9.853034999999999571e-03,1.373336999999999995e-02,9.218680999999999404e-03,-8.318024999999999725e-03,-4.415635000000000220e-03
-1.313890000000000067e-03,-2.060853999999999984e-03,0.000000000000000000e+00,0.000000000000000000e+00,5.075574000000000231e-03,6.576534000000000199e-03,4.238755000000000300e-03
2.199517100000000086e-02,2.367239700000000127e-02,1.782681499999999933e-02,2.004252000000000204e-03,2.675396799999999950e-02,1.904794900000000152e-02,1.783999400000000138e-02
4.176097999999999616e-03,5.424861999999999913e-03,6.637976000000000293e-03,4.139816999999999629e-03,6.237961999999999674e-03,3.980283000000000258e-03,-4.498994000000000083e-03
8.806055999999999606e-03,1.457998500000000017e-02,1.665870599999999882e-02,1.305164600000000008e-02,0.000000000000000000e+00,1.558334899999999981e-02,1.002582699999999931e-02
-1.915340299999999940e-02,3.038143000000000093e-03,1.019495000000000037e-03,1.364958399999999933e-02,-9.456449999999999492e-04,3.596128000000000085e-03,1.636067899999999950e-02
3.729216999999999949e-03,-3.885238999999999967e-03,-1.084951999999999922e-03,-1.053205800000000039e-02,2.569100999999999850e-03,-6.170569999999999571e-04,-4.067470999999999587e-03
5.019357999999999806e-03,9.777103000000000529e-03,6.916092000000000420e-03,9.619999999999999374e-05,1.928669999999999950e-03,6.480760000000000340e-03,7.978584000000000370e-03
1.642101600000000008e-02,1.127347799999999997e-02,7.485730000000000335e-03,2.945034200000000088e-02,2.533246800000000035e-02,1.313100199999999926e-02,1.533949100000000024e-02
3.992106799999999706e-02,1.070360599999999919e-02,4.942015999999999597e-03,-2.440981399999999843e-02,8.902402000000000232e-03,9.801191000000000764e-03,5.419474999999999987e-03
-1.209692199999999954e-02,2.434631000000000035e-03,2.890896000000000004e-03,3.075786000000000058e-03,1.410508999999999895e-03,2.569479999999999854e-03,6.764497999999999865e-03
-1.188815300000000026e-02,-1.839721500000000148e-02,-1.385694600000000019e-02,1.569829000000000016e-02,7.929138999999999979e-03,-1.227440900000000001e-02,1.057730900000000002e-02
2.261235999999999802e-03,-9.945964999999999320e-03,-1.020318500000000003e-02,-1.279196200000000047e-02,0.000000000000000000e+00,-1.290010400000000078e-02,-3.179645999999999948e-03
-6.258671999999999846e-03,-6.994000999999999690e-03,-7.240004999999999878e-03,9.753471999999999142e-03,-2.921545899999999918e-02,-5.858888999999999937e-03,-3.248157000000000214e-03
-5.135629000000000062e-03,-1.570804000000000080e-03,-1.528870000000000099e-03,-6.777670000000000179e-04,-1.278080200000000083e-02,-3.066529000000000130e-03,-5.433699000000000168e-03
1.737641000000000055e-03,-2.742055800000000113e-02,-7.609827999999999905e-03,0.000000000000000000e+00,-8.482231999999999272e-03,-1.409217500000000019e-02,-1.477274800000000048e-02
2.074129699999999882e-02,1.565122299999999883e-02,2.470294400000000098e-02,3.240370699999999687e-02,2.416101099999999960e-02,2.039579600000000076e-02,2.241850899999999966e-02
-2.471450999999999943e-03,-5.671256000000000387e-03,-2.200675999999999934e-03,1.436464900000000017e-02,1.334175999999999938e-02,-3.357897999999999786e-03,4.031370000000000266e-04
0.000000000000000000e+00,9.740278999999999257e-03,3.397686999999999929e-03,-8.342331999999999179e-03,7.293120000000000158e-03,5.296236999999999646e-03,2.118633999999999882e-03
0.000000000000000000e+00,2.122697499999999862e-02,2.891349199999999897e-02,7.660417999999999568e-03,1.952392600000000047e-02,2.636286399999999974e-02,1.558694300000000067e-02
1.404347999999999924e-03,1.188249499999999986e-02,1.435219800000000004e-02,2.379871999999999890e-03,5.760663000000000068e-03,1.382460100000000060e-02,7.745792999999999949e-03
2.366610999999999802e-03,6.742020999999999951e-03,4.198518000000000042e-03,-7.940868000000000232e-03,-6.146066000000000376e-03,4.957707999999999907e-03,-1.464699999999999986e-03
8.186429000000000275e-03,3.930625000000000091e-03,-2.258530000000000075e-04,2.252741700000000097e-02,8.707493000000000177e-03,9.410399999999999755e-04,7.336414999999999777e-03
3.915146999999999898e-03,2.892753000000000078e-03,2.146837999999999871e-03,2.815179199999999840e-02,-5.343309000000000079e-03,-1.128410999999999954e-03,4.165554999999999605e-03
-5.344090000000000125e-04,5.401592999999999672e-03,2.785548000000000104e-03,7.343449000000000157e-03,-3.028966000000000124e-03,2.757224999999999867e-03,-4.710116000000000303e-03
2.832224100000000147e-02,5.895053100000000046e-02,4.193372299999999914e-02,4.310375300000000159e-02,4.107353500000000129e-02,4.629986500000000255e-02,3.850619300000000106e-02
-3.827510000000000222e-04,4.269506000000000169e-03,6.171025000000000121e-03,5.460144000000000108e-03,2.961824999999999961e-03,6.393209000000000392e-03,1.028234700000000071e-02
-1.669895000000000016e-03,-5.569842000000000196e-03,-1.124039100000000062e-02,-2.381416999999999909e-02,-5.657236000000000382e-03,-1.137097800000000034e-02,-7.945175999999999975e-03
7.633326999999999647e-03,-3.571159999999999873e-03,-3.150467000000000111e-03,-1.188658100000000023e-02,-1.845836000000000005e-03,-2.649510999999999793e-03,-5.788719000000000330e-03
7.533126000000000232e-03,6.790779999999999733e-03,6.289176999999999962e-03,2.545318599999999917e-02,4.866686000000000276e-03,8.560857999999999315e-03,1.091689300000000043e-02
-1.019430999999999896e-03,-5.418349999999999729e-03,-1.048058200000000044e-02,1.722313699999999947e-02,9.805050000000000050e-04,-8.897119999999999682e-03,2.515697999999999806e-03
-1.712249000000000106e-03,8.950860000000000153e-04,-4.439077999999999948e-03,7.293934000000000181e-03,-1.281330299999999985e-02,-3.674889999999999776e-04,-2.109321999999999846e-03
-8.367252000000000370e-03,-8.055179000000000852e-03,-9.023892000000000371e-03,1.227768899999999962e-02,-5.058842000000000026e-03,-6.639380000000000281e-03,4.191931000000000303e-03
7.749057000000000167e-03,1.135718399999999934e-02,4.726117000000000165e-03,-2.819265999999999960e-03,1.321205699999999927e-02,8.422482999999999706e-03,6.678935000000000427e-03
5.537855999999999855e-03,3.478679099999999746e-02,3.789111500000000299e-02,-8.181597999999999996e-03,9.838156000000000678e-03,3.279958100000000126e-02,1.031968500000000032e-02
-2.455991399999999866e-02,-2.045601999999999837e-02,-1.474543199999999929e-02,-3.151041300000000100e-02,-2.539115100000000069e-02,-1.925326999999999941e-02,-2.977240999999999915e-02
-6.427391999999999654e-03,-5.229183000000000095e-03,-3.186080399999999951e-02,-6.951157999999999816e-03,6.409660999999999657e-03,-2.029909599999999911e-02,1.290307000000000086e-03
3.085006200000000101e-02,8.694657999999999207e-03,9.980242999999999753e-03,-6.272550000000000001e-03,1.945030999999999843e-02,1.293821499999999944e-02,9.869790000000000247e-04
4.994591999999999955e-03,-5.106667999999999971e-03,4.976041999999999965e-03,-1.668041000000000098e-03,1.093293499999999953e-02,-5.482910000000000127e-04,-1.180117000000000058e-03
-8.067420999999999967e-03,-1.249535300000000071e-02,-6.619510999999999798e-03,-2.466825000000000181e-03,2.218841000000000042e-03,-8.419220999999999303e-03,4.925464000000000057e-03
-1.031234099999999917e-02,-7.747760000000000237e-04,1.840031999999999909e-03,-6.829608000000000033e-03,-3.030511799999999895e-02,-1.055159999999999974e-04,-1.068184500000000058e-02
1.481684999999999947e-03,-3.242231999999999840e-03,-8.936173999999999853e-03,8.570757999999999502e-03,7.986869999999999647e-04,-4.438278999999999835e-03,1.305769999999999934e-04
1.784066700000000102e-02,1.945240999999999897e-03,4.849670000000000369e-03,-7.847648000000000471e-03,2.148197400000000090e-02,2.932286000000000094e-03,2.296293000000000032e-03
-1.379798000000000005e-03,-2.229524100000000036e-02,-2.098172300000000073e-02,8.572097000000000744e-03,-4.671876000000000154e-03,-2.011892700000000173e-02,5.431719999999999691e-04
-1.438704399999999987e-02,-1.730649600000000107e-02,-1.767034400000000102e-02,-8.446685000000000651e-03,-2.442230299999999937e-02,-2.000646099999999969e-02,-1.529998899999999995e-02
-1.542662900000000073e-02,-3.324132700000000107e-02,-2.658091799999999852e-02,-3.144566800000000301e-02,-8.599648999999999141e-03,-3.387500100000000181e-02,-1.472499700000000009e-02
-5.562469999999999914e-03,1.563684000000000081e-03,-5.565475000000000283e-03,-2.199201000000000020e-03,-5.481029999999999800e-04,-1.427230999999999942e-03,-3.226927000000000094e-03
-6.195842000000000016e-03,-1.490418699999999930e-02,-7.091458000000000136e-03,-4.008997999999999728e-03,2.274393900000000121e-02,-5.098468000000000097e-03,-6.024999999999999974e-03
2.500083000000000166e-03,1.336472999999999915e-03,3.330641999999999978e-03,7.372850999999999710e-03,-5.414533000000000020e-03,1.380544999999999949e-03,4.129932999999999695e-03
1.711314999999999928e-03,1.697020000000000039e-03,-7.850830000000000048e-04,-1.727367999999999959e-03,1.449164300000000023e-02,-3.038259999999999876e-04,1.288431999999999945e-03
-1.908149999999999950e-04,0.000000000000000000e+00,-1.197901600000000032e-02,1.640409500000000048e-02,9.435183999999999238e-03,-6.157860999999999717e-03,2.789386999999999943e-03
5.453759999999999771e-04,4.094079999999999941e-04,1.357158999999999926e-03,4.634514999999999642e-03,6.937722999999999807e-03,5.857079999999999969e-04,5.329620000000000191e-03
7.492199999999999858e-04,2.643718000000000196e-03,-5.351105999999999571e-03,-1.147786000000000032e-03,5.590249999999999733e-03,-3.742422999999999930e-03,-1.475963199999999996e-02
1.125131000000000048e-02,1.086753799999999950e-02,1.913805500000000104e-02,0.000000000000000000e+00,0.000000000000000000e+00,9.632929999999999618e-03,8.167670000000000138e-03
-5.099484999999999955e-03,-4.982193999999999685e-03,1.328292000000000014e-03,7.482156000000000223e-03,-1.253210700000000066e-02,-1.628347999999999948e-03,-1.747152999999999987e-03
3.234721299999999966e-02,3.063387000000000054e-02,3.070609499999999922e-02,1.221784100000000012e-02,3.111093100000000139e-02,2.985685899999999948e-02,1.718421900000000058e-02
1.416535499999999927e-02,8.113141000000000796e-03,1.128807800000000000e-02,6.842109999999999989e-04,1.773123000000000060e-02,8.520052999999999654e-03,1.816916999999999924e-03
-8.893203000000000566e-03,3.730277000000000159e-03,2.761565000000000113e-03,-3.338130000000000242e-04,2.798402000000000181e-03,1.612483999999999966e-03,-2.497165999999999882e-03
-5.458890000000000313e-04,1.038207399999999982e-02,9.295138999999999138e-03,3.293884200000000290e-02,7.965090000000000408e-04,1.050057700000000052e-02,1.606559800000000038e-02
1.215289000000000039e-03,-7.900176000000000073e-03,2.266100000000000004e-04,-3.565754799999999725e-02,-7.089752000000000380e-03,-1.117203999999999940e-02,-2.097646999999999793e-03
5.722895999999999886e-03,4.029681000000000235e-03,3.764345000000000104e-03,-3.492248999999999787e-03,1.353142199999999955e-02,1.930277999999999898e-03,2.916671000000000021e-03
-3.710877000000000012e-03,-1.174455899999999990e-02,-6.244061000000000403e-03,-1.223048999999999924e-03,-4.644459000000000087e-03,-1.019969400000000047e-02,-1.846138999999999896e-03
1.361240600000000051e-02,2.665095400000000100e-02,2.237775800000000107e-02,1.787643000000000001e-03,4.830463999999999591e-03,2.352314100000000088e-02,1.307621100000000078e-02
5.667142000000000013e-03,5.995017000000000054e-03,1.349256000000000066e-03,-9.007029999999999854e-04,1.812171799999999847e-02,1.639786999999999972e-03,6.657004000000000220e-03
1.242219399999999925e-02,7.220334000000000127e-03,7.123448000000000106e-03,-1.163350099999999922e-02,6.113663000000000083e-03,5.403105000000000060e-03,1.725395999999999918e-03
-2.517862999999999959e-03,2.411794999999999998e-03,1.171618399999999928e-02,1.019200599999999998e-02,-2.303264000000000179e-03,6.255362999999999896e-03,7.195201000000000027e-03
-1.996742799999999887e-02,6.232607999999999725e-03,6.788714999999999854e-03,3.336264199999999791e-02,-9.363154999999999742e-03,3.375003000000000117e-03,-6.654351999999999663e-03
-1.290268600000000002e-02,3.828446000000000106e-03,1.450658500000000066e-02,-2.328400000000000001e-03,2.171549999999999902e-04,9.445343000000000142e-03,8.880123999999999657e-03
-3.046913399999999841e-02,-1.783306200000000022e-02,-2.873459299999999925e-02,1.729293200000000044e-02,-3.589857600000000148e-02,-1.707279500000000172e-02,-2.001541199999999979e-02
3.694901999999999909e-03,-3.725917999999999938e-03,-2.413170000000000072e-03,8.955842000000000316e-03,-1.691516800000000126e-02,1.569352999999999894e-03,-7.649549000000000279e-03
-5.959340999999999944e-03,1.960698199999999849e-02,1.142982600000000057e-02,-1.041371399999999926e-02,-6.113450000000000308e-03,1.590147500000000172e-02,1.733399999999999958e-03
-3.522155999999999811e-03,2.274126699999999904e-02,2.896089599999999986e-02,1.766119400000000159e-02,-1.051258000000000054e-02,2.667766400000000024e-02,1.025387900000000047e-02
9.039912000000000641e-03,-8.219999999999999226e-06,8.568179999999999677e-04,1.509990400000000080e-02,-3.958744999999999625e-03,7.773590000000000361e-04,3.654103000000000125e-03
2.137980600000000120e-02,2.086420400000000078e-02,2.249672499999999867e-02,3.862498600000000004e-02,3.022326200000000074e-02,2.122445599999999918e-02,2.581242900000000132e-02
-3.323384999999999881e-03,-1.266273999999999959e-03,1.789718000000000038e-03,-1.459655699999999959e-02,-3.002244999999999914e-02,5.503590000000000478e-04,-1.485963199999999935e-02
-3.531535599999999914e-02,-1.967335900000000137e-02,-9.922817999999999916e-03,-5.437889999999999911e-03,-1.255426100000000059e-02,-1.215959500000000047e-02,9.677869999999999875e-03
-2.567372999999999964e-03,-2.959297999999999963e-03,-4.705385999999999770e-03,0.000000000000000000e+00,-6.931136000000000068e-03,-2.636233999999999886e-03,7.919609999999999888e-04
-2.238980600000000168e-02,-9.027973999999999374e-03,-6.034931000000000323e-03,-2.589832200000000140e-02,-7.547740000000000482e-04,-8.199444999999999650e-03,-1.238460400000000045e-02
-3.644879999999999973e-04,-1.953400000000000102e-03,-2.793877000000000166e-03,-7.421399999999999655e-04,-6.540495999999999810e-03,-3.385827000000000107e-03,-4.882581999999999894e-03
2.144637000000000019e-03,5.038873999999999610e-03,1.844537000000000043e-03,-2.714063000000000066e-03,7.188560000000000305e-04,2.497145000000000094e-03,6.881187000000000414e-03
6.103642999999999742e-03,2.453868000000000108e-03,-7.950739999999999977e-04,-9.954585000000000169e-03,1.266298400000000039e-02,-7.155529999999999573e-04,9.774969999999999146e-04
1.316289999999999908e-03,-1.054618000000000005e-03,-5.902120000000000066e-04,-4.381219999999999906e-04,-1.597160000000000029e-03,2.211929999999999973e-03,2.134783999999999814e-03
-1.147567399999999994e-02,-2.047279999999999955e-04,-3.329242000000000052e-03,1.866085300000000155e-02,-8.918020000000000461e-03,2.504001000000000057e-03,8.160491000000000619e-03
-3.403127000000000148e-03,3.284777999999999917e-03,-9.923973000000000863e-03,-1.142225600000000042e-02,-1.583057100000000161e-02,-7.264981999999999690e-03,-6.566375000000000163e-03
4.212061999999999924e-03,9.634681000000000842e-03,8.665054999999999633e-03,-5.992449999999999860e-03,0.000000000000000000e+00,7.096901000000000077e-03,5.018525000000000243e-03
-1.306413099999999966e-02,1.172682300000000080e-02,3.122583999999999863e-03,-3.293102999999999916e-03,7.717639000000000096e-03,7.028350000000000049e-03,9.847273999999999611e-03
-4.489918899999999907e-02,-4.792243499999999934e-02,-4.513116100000000297e-02,-2.094789000000000026e-02,-4.451601599999999853e-02,-4.642055199999999687e-02,-3.637472700000000253e-02
4.587540999999999668e-03,-1.129203299999999993e-02,-8.084638999999999368e-03,-7.378995000000000172e-03,-1.056604400000000013e-02,-7.667435999999999696e-03,-4.143634000000000206e-03
3.557240000000000141e-03,2.553001999999999962e-03,6.533202000000000106e-03,1.892525399999999899e-02,2.239431199999999955e-02,7.488026000000000057e-03,9.237021999999999247e-03
5.363236000000000392e-03,-9.640051999999999649e-03,7.399999999999999623e-05,-3.880846500000000032e-02,6.261036000000000205e-03,-3.620055999999999968e-03,-8.077318999999999471e-03
1.682878999999999972e-03,2.666611000000000155e-03,0.000000000000000000e+00,-5.037668999999999828e-03,-2.724989000000000144e-03,5.250168999999999843e-03,2.949178000000000216e-03
-9.793189999999999795e-04,-2.633470000000000168e-03,-2.257083000000000006e-03,-1.635931700000000169e-02,-1.283309200000000080e-02,-4.118204000000000309e-03,-2.245018000000000100e-03
5.964073999999999764e-03,-5.172061999999999840e-03,-2.056815000000000032e-03,-1.153479399999999926e-02,1.525070199999999966e-02,-3.399609999999999958e-03,1.050519999999999964e-04
2.892972000000000165e-03,-1.803546099999999916e-02,-1.537255000000000045e-02,-2.928627199999999861e-02,-1.848557300000000167e-02,-2.100500799999999862e-02,-2.728999999999999829e-02
-8.109141999999999739e-03,-1.080792199999999932e-02,-1.833819899999999947e-02,-3.957836000000000166e-03,-2.122857499999999953e-02,-6.164298999999999820e-03,-1.283246400000000002e-02
2.792559000000000013e-03,2.614057399999999975e-02,1.551803600000000068e-02,1.959829199999999980e-02,-7.435408999999999595e-03,1.597217100000000028e-02,8.768358999999999875e-03
-3.240202000000000186e-03,4.609150000000000009e-04,-3.802536999999999931e-03,1.968126000000000164e-03,-3.265641000000000117e-03,-5.498799999999999868e-04,-1.430447000000000055e-03
8.604637000000000049e-03,5.816540000000000252e-03,3.513893000000000138e-03,8.049079000000000650e-03,1.203328000000000036e-02,4.621883999999999715e-03,6.022185999999999685e-03
-5.508385000000000191e-03,3.604767000000000041e-03,7.576090000000000168e-04,3.787087000000000179e-03,-6.854691000000000430e-03,-1.846030000000000078e-04,-2.800230000000000124e-04
9.105380000000000158e-04,-2.831369999999999829e-04,5.173599000000000080e-03,2.220211000000000146e-03,-5.556013000000000271e-03,2.944845000000000188e-03,2.970904999999999813e-03
-2.726278999999999855e-03,-8.349999999999999675e-05,7.074849999999999715e-03,1.764093900000000131e-02,-1.723014299999999985e-02,1.617823999999999911e-03,3.631322000000000196e-03
1.765063000000000092e-03,1.583950000000000039e-04,1.142996000000000073e-03,4.235799999999999635e-03,-1.130751099999999926e-02,2.303191999999999913e-03,-5.179159000000000020e-03
5.242394000000000047e-03,7.605159000000000225e-03,5.568563000000000332e-03,0.000000000000000000e+00,4.620240999999999758e-03,1.824665000000000054e-03,4.780621999999999996e-03
6.836638000000000437e-02,2.610907900000000031e-02,2.819689900000000096e-02,0.000000000000000000e+00,5.729009899999999711e-02,2.837943399999999852e-02,4.412157099999999832e-02
2.322247300000000042e-02,8.138222999999999985e-03,3.013467000000000142e-03,8.134470000000000199e-04,1.420613899999999957e-02,6.593924000000000139e-03,7.188406999999999956e-03
3.163428499999999810e-02,-1.413564599999999997e-02,-1.787310999999999978e-03,3.130334399999999684e-02,2.314550699999999919e-02,-5.683706000000000175e-03,2.688690999999999998e-03
-1.509338000000000042e-03,-1.168697500000000049e-02,-4.244872000000000228e-03,-1.123984199999999989e-02,5.106442999999999573e-03,-9.190709999999999505e-03,3.313579999999999998e-03
1.036827400000000024e-02,3.672659999999999900e-03,-3.322661000000000191e-03,1.935447300000000051e-02,1.075186799999999950e-02,-1.034750000000000079e-03,9.233671000000000587e-03
3.811421000000000166e-03,-7.832520000000000151e-04,-1.905770999999999897e-03,0.000000000000000000e+00,1.022298699999999935e-02,-2.811904999999999960e-03,-4.085143999999999755e-03
1.476545299999999956e-02,7.461258999999999600e-03,7.110786000000000016e-03,-5.913541999999999930e-03,1.937878900000000043e-02,8.032902999999999225e-03,1.991937999999999955e-03
1.922906000000000051e-03,2.872107999999999953e-03,-7.230659999999999648e-04,5.682800000000000004e-04,5.627924999999999768e-03,5.715740000000000404e-04,6.937872999999999783e-03
-8.084914999999999810e-03,5.511779999999999978e-03,4.298441000000000067e-03,-3.956270999999999920e-03,-1.355192000000000029e-02,5.811443999999999811e-03,-1.644293999999999921e-03
-2.609722899999999957e-02,-2.148134499999999891e-02,-1.691309900000000088e-02,-1.537331400000000077e-02,-1.736436599999999914e-02,-1.737696700000000011e-02,-3.233047000000000178e-03
2.138670800000000080e-02,2.628530899999999976e-02,2.044687599999999925e-02,5.120188999999999817e-03,2.394843400000000108e-02,2.241687399999999983e-02,1.546359500000000012e-02
8.498591999999999258e-03,-3.468519000000000203e-03,-4.306092000000000079e-03,-6.423021000000000112e-03,5.778957999999999838e-03,-1.465902000000000047e-03,8.117162000000000682e-03
-2.052473800000000070e-02,-1.319185600000000007e-02,-6.722843000000000048e-03,-1.084380999999999930e-03,-1.614312700000000017e-02,-1.319209200000000075e-02,-6.730861000000000309e-03
-6.088749000000000071e-03,-1.416357000000000033e-03,-4.097738000000000075e-03,-1.883619599999999950e-02,-2.993815999999999838e-03,-5.513605000000000415e-03,-4.997912999999999661e-03
7.709238000000000202e-03,-6.624680000000000412e-04,1.114426599999999989e-02,5.026001000000000080e-02,-3.505318999999999796e-03,6.193884999999999669e-03,1.868923800000000038e-02
-1.429772699999999966e-02,1.456478200000000008e-02,8.477032000000000664e-03,6.719280000000000218e-04,-3.274157300000000298e-02,1.373995499999999988e-02,-2.419063999999999850e-03
6.935339999999999908e-03,7.954327000000000619e-03,1.015429099999999932e-02,-2.166860000000000053e-04,1.183124999999999932e-03,8.030007000000000464e-03,4.325179999999999650e-03
3.993283000000000249e-03,-2.483888000000000068e-03,-5.969229999999999632e-04,-4.650429999999999668e-03,-3.938239999999999970e-03,-3.595890000000000024e-04,-6.374654999999999905e-03
-7.517661999999999609e-03,2.657651299999999953e-02,1.527474900000000066e-02,2.690832400000000083e-02,9.564898000000000497e-03,1.876996200000000115e-02,1.516558900000000015e-02
7.896758000000000249e-03,0.000000000000000000e+00,6.160380000000000023e-03,3.700767000000000206e-03,2.162527000000000026e-03,0.000000000000000000e+00,1.229190999999999921e-03
3.671293999999999860e-03,-5.501777000000000230e-03,-1.460057000000000065e-03,2.147094500000000170e-02,0.000000000000000000e+00,-5.426310999999999635e-03,5.992171999999999603e-03
1.845147000000000106e-02,2.815905700000000123e-02,1.963112700000000169e-02,-1.408351700000000026e-02,1.567769499999999844e-02,2.334877100000000080e-02,6.812872000000000199e-03
7.398858000000000344e-03,6.907372999999999638e-03,3.943854000000000110e-03,1.590937799999999833e-02,2.156800999999999857e-02,5.973751999999999708e-03,3.336997999999999874e-03
2.707950000000000201e-03,-2.989808999999999956e-03,-5.679782000000000407e-03,1.106140100000000022e-02,-5.266980000000000316e-04,-4.043261999999999724e-03,4.295980999999999932e-03
1.195445999999999965e-03,-9.774236000000000382e-03,-8.065176000000000289e-03,-1.126353400000000039e-02,1.575199999999999962e-04,-9.217097000000000484e-03,-4.870160999999999588e-03
-1.461877699999999947e-02,-1.263499000000000046e-02,-1.516755399999999976e-02,-1.342236800000000049e-02,-1.259758300000000074e-02,-1.537017499999999981e-02,-9.730580000000000826e-03
-1.645724000000000102e-03,-1.448433000000000056e-03,2.103577000000000138e-03,-6.524901999999999959e-03,2.190469999999999917e-04,8.880000000000000089e-04,-2.079369999999999981e-04
1.108852000000000015e-03,1.684313999999999907e-03,-7.600000000000000418e-05,-2.191092000000000040e-02,-8.647640999999999314e-03,-5.523799999999999934e-04,-1.375354699999999965e-02
7.374630000000000508e-04,-2.105608000000000132e-03,-4.304243000000000131e-03,1.535134900000000024e-02,3.515045000000000062e-03,-3.365283000000000163e-03,4.233581999999999623e-03
-4.029951999999999840e-03,-1.167899000000000020e-02,-7.603313999999999906e-03,-4.069249999999999842e-04,0.000000000000000000e+00,-1.095106499999999941e-02,-3.456886000000000160e-03
1.530123400000000036e-02,-1.366890500000000029e-02,-6.520009000000000221e-03,1.336146000000000078e-03,2.382950199999999893e-02,-9.320092999999999780e-03,8.582894000000000634e-03
-2.035950999999999820e-03,1.416793000000000045e-02,4.981132999999999568e-03,-4.481408999999999566e-03,-9.283361999999999864e-03,9.124919999999999906e-03,5.397099999999999944e-04
-2.174720000000000125e-02,-9.608685000000000490e-03,-5.979158000000000042e-03,2.028086000000000125e-03,-8.205415000000000625e-03,-1.183464799999999970e-02,-5.579355000000000252e-03
7.729385000000000075e-03,7.459023000000000389e-03,1.096762700000000063e-02,5.744020000000000072e-04,4.795571000000000209e-03,7.955497000000000610e-03,4.655160000000000201e-04
6.441938000000000351e-03,-1.227897200000000084e-02,-3.020529000000000096e-03,-2.600897799999999857e-02,2.177717999999999928e-03,-1.182285100000000054e-02,-9.722941000000000569e-03
-6.399999999999999710e-05,-1.160874000000000107e-03,-8.981720000000000328e-04,6.274499999999999696e-03,1.343224000000000067e-03,-2.355523999999999899e-03,4.411032999999999968e-03
-1.187870100000000019e-02,1.664434999999999916e-03,-3.151886999999999918e-03,-1.395387900000000063e-02,-1.169818799999999999e-02,-2.616896999999999973e-03,-1.137731500000000069e-02
9.024344000000000116e-03,2.248592900000000172e-02,1.241960899999999986e-02,-9.554079999999999517e-03,1.258412299999999914e-02,1.610096000000000097e-02,3.009270999999999995e-03
1.570993000000000042e-02,2.404001999999999875e-02,2.103859300000000127e-02,-6.174742000000000425e-03,2.757370599999999991e-02,1.786227400000000090e-02,1.271868599999999988e-02
1.247093300000000002e-02,-1.585629000000000075e-03,-5.177582000000000018e-03,-1.134119299999999941e-02,-3.197674000000000176e-03,-5.692059999999999655e-03,2.711279999999999940e-03
-1.011051999999999914e-03,-1.434497799999999955e-02,-7.553350000000000342e-03,9.944239000000000550e-03,5.403347000000000185e-03,-1.008816600000000084e-02,-1.053691600000000034e-02
1.288951500000000069e-02,9.711325999999999292e-03,6.818186999999999859e-03,1.614237199999999858e-02,8.838432000000000233e-03,9.226840999999999515e-03,1.154003999999999924e-03
4.838732999999999576e-03,-4.460380000000000009e-04,8.967159999999999844e-04,-1.124474500000000043e-02,5.969129000000000101e-03,1.299390000000000039e-04,-9.657900000000000078e-04
1.981342000000000086e-03,2.916409999999999814e-04,-6.501047000000000249e-03,2.740680000000000113e-03,-8.959741000000000233e-03,4.509259999999999853e-04,-6.630541000000000212e-03
